init_roofline,auto_regression_roofline,init_simulated,auto_regression_simulated,total_area,timestamp
0.253193845546875,0.343709557546875,0.00520016775,0.0071737085,571.5759802616321,2024-12-27 11:41:54
0.253015620546875,0.315139908546875,0.0051845890833333,0.0066634768333333,571.5759802616321,2024-12-27 11:42:41
0.252926508046875,0.300855084046875,0.00517376475,0.0064053235,571.5759802616321,2024-12-27 11:43:29
0.253193845546875,0.343709557546875,0.00520016775,0.0071737085,571.5759802616321,2024-12-27 11:44:16
0.253015620546875,0.315139908546875,0.0051845890833333,0.0066634768333333,571.5759802616321,2024-12-27 11:45:04
0.252926508046875,0.300855084046875,0.00517376475,0.0064053235,571.5759802616321,2024-12-27 11:46:01
0.253193845546875,0.343709557546875,0.005178068125,0.0071331648749999,571.5759802616321,2024-12-27 11:46:50
0.253015620546875,0.315139908546875,0.0051629269583333,0.0066233707083333,571.5759802616321,2024-12-27 11:48:28
0.252926508046875,0.300855084046875,0.005155350125,0.006368464875,571.5759802616321,2024-12-27 11:49:31
0.253193845546875,0.343709557546875,0.005178068125,0.0071331648749999,571.5759802616321,2024-12-27 11:50:19
0.253015620546875,0.315139908546875,0.0051629269583333,0.0066233707083333,571.5759802616321,2024-12-27 11:51:28
0.252926508046875,0.300855084046875,0.005155350125,0.006368464875,571.5759802616321,2024-12-27 11:53:06
0.253193845546875,0.343709557546875,0.0051712565833333,0.0071202053333333,571.5759802616321,2024-12-27 11:54:45
0.253015620546875,0.315139908546875,0.0051561154166666,0.0066104111666666,571.5759802616321,2024-12-27 11:56:24
0.252926508046875,0.300855084046875,0.0051485385833333,0.0063555053333333,571.5759802616321,2024-12-27 11:58:04
0.253193845546875,0.343709557546875,0.0051712565833333,0.0071202053333333,571.5759802616321,2024-12-27 11:59:44
0.253015620546875,0.315139908546875,0.0051561154166666,0.0066104111666666,571.5759802616321,2024-12-27 12:01:23
0.252926508046875,0.300855084046875,0.0051485385833333,0.0063555053333333,571.5759802616321,2024-12-27 12:03:03
0.253193845546875,0.343709557546875,0.0051663745625,0.0071122493125,571.5759802616321,2024-12-27 12:04:42
0.253015620546875,0.315139908546875,0.0051518733958333,0.0066030951458333,571.5759802616321,2024-12-27 12:06:21
0.252926508046875,0.300855084046875,0.0051442965624999,0.0063481893125,571.5759802616321,2024-12-27 12:08:00
0.253193845546875,0.343709557546875,0.0051663745625,0.0071122493125,571.5759802616321,2024-12-27 12:09:39
0.253015620546875,0.315139908546875,0.0051518733958333,0.0066030951458333,571.5759802616321,2024-12-27 12:11:18
0.252926508046875,0.300855084046875,0.0051442965624999,0.0063481893125,571.5759802616321,2024-12-27 12:12:57
0.253193845546875,0.343709557546875,0.00516418935,0.0071082197,571.5759802616321,2024-12-27 12:14:36
0.253015620546875,0.315139908546875,0.0051501681833333,0.0065995455333333,571.5759802616321,2024-12-27 12:16:15
0.252926508046875,0.300855084046875,0.00514259135,0.0063446397,571.5759802616321,2024-12-27 12:17:53
0.253193845546875,0.343709557546875,0.00516418935,0.0071082197,571.5759802616321,2024-12-27 12:19:31
0.253015620546875,0.315139908546875,0.0051501681833333,0.0065995455333333,571.5759802616321,2024-12-27 12:21:10
0.252926508046875,0.300855084046875,0.00514259135,0.0063446397,571.5759802616321,2024-12-27 12:22:48
0.253193845546875,0.343709557546875,0.0051613825416666,0.0071041832916666,571.5759802616321,2024-12-27 12:24:27
0.253015620546875,0.315139908546875,0.005148471375,0.006596619125,571.5759802616321,2024-12-27 12:26:05
0.252926508046875,0.300855084046875,0.0051408945416666,0.0063417132916666,571.5759802616321,2024-12-27 12:27:43
0.253193845546875,0.343709557546875,0.0051613825416666,0.0071041832916666,571.5759802616321,2024-12-27 12:29:22
0.253015620546875,0.315139908546875,0.005148471375,0.006596619125,571.5759802616321,2024-12-27 12:31:01
0.252926508046875,0.300855084046875,0.0051408945416666,0.0063417132916666,571.5759802616321,2024-12-27 12:32:39
0.253193845546875,0.343709557546875,0.00515848153125,0.00709974528125,571.5759802616321,2024-12-27 12:34:17
0.253015620546875,0.315139908546875,0.0051467703645833,0.0065933811145833,571.5759802616321,2024-12-27 12:35:56
0.252926508046875,0.300855084046875,0.00513919353125,0.00633847528125,571.5759802616321,2024-12-27 12:37:35
0.253193845546875,0.343709557546875,0.00515848153125,0.00709974528125,571.5759802616321,2024-12-27 12:39:14
0.253015620546875,0.315139908546875,0.0051467703645833,0.0065933811145833,571.5759802616321,2024-12-27 12:40:52
0.252926508046875,0.300855084046875,0.00513919353125,0.00633847528125,571.5759802616321,2024-12-27 12:42:31
0.253193845546875,0.343709557546875,0.0051570289249999,0.0070973704749999,571.5759802616321,2024-12-27 12:44:11
0.253015620546875,0.315139908546875,0.0051458902583333,0.0065915788083333,571.5759802616321,2024-12-27 12:45:50
0.252926508046875,0.300855084046875,0.005138340925,0.006336700475,571.5759802616321,2024-12-27 12:47:29
0.253193845546875,0.343709557546875,0.0051570289249999,0.0070973704749999,571.5759802616321,2024-12-27 12:49:08
0.253015620546875,0.315139908546875,0.0051458902583333,0.0065915788083333,571.5759802616321,2024-12-27 12:50:46
0.252926508046875,0.300855084046875,0.005138340925,0.006336700475,571.5759802616321,2024-12-27 12:52:24
0.253193845546875,0.343709557546875,0.0051555805208333,0.0070953072708333,571.5759802616321,2024-12-27 12:54:02
0.253015620546875,0.315139908546875,0.0051448018541666,0.0065898756041666,571.5759802616321,2024-12-27 12:55:41
0.252926508046875,0.300855084046875,0.0051374925208333,0.0063352372708333,571.5759802616321,2024-12-27 12:57:19
0.253193845546875,0.343709557546875,0.0051555805208333,0.0070953072708333,571.5759802616321,2024-12-27 12:58:58
0.253015620546875,0.315139908546875,0.0051448018541666,0.0065898756041666,571.5759802616321,2024-12-27 13:00:37
0.252926508046875,0.300855084046875,0.0051374925208333,0.0063352372708333,571.5759802616321,2024-12-27 13:02:16
0.253193845546875,0.343709557546875,0.0048917027499999,0.0068652434999999,572.32608982091,2024-12-27 13:04:16
0.253015620546875,0.315139908546875,0.0048652015833333,0.0063440893333333,572.32608982091,2024-12-27 13:06:16
0.252926508046875,0.300855084046875,0.0048517597499999,0.0060833185,572.32608982091,2024-12-27 13:08:16
0.253193845546875,0.343709557546875,0.0048917027499999,0.0068652434999999,572.32608982091,2024-12-27 13:10:16
0.253015620546875,0.315139908546875,0.0048652015833333,0.0063440893333333,572.32608982091,2024-12-27 13:12:16
0.252926508046875,0.300855084046875,0.0048517597499999,0.0060833185,572.32608982091,2024-12-27 13:14:17
0.253193845546875,0.343709557546875,0.004863910625,0.006819007375,572.32608982091,2024-12-27 13:16:17
0.253015620546875,0.315139908546875,0.0048451144583333,0.0063055582083333,572.32608982091,2024-12-27 13:18:16
0.252926508046875,0.300855084046875,0.004831672625,0.006044787375,572.32608982091,2024-12-27 13:20:17
0.253193845546875,0.343709557546875,0.004863910625,0.006819007375,572.32608982091,2024-12-27 13:22:18
0.253015620546875,0.315139908546875,0.0048451144583333,0.0063055582083333,572.32608982091,2024-12-27 13:24:19
0.252926508046875,0.300855084046875,0.004831672625,0.006044787375,572.32608982091,2024-12-27 13:26:19
0.253193845546875,0.343709557546875,0.0048515790833333,0.0068005278333333,572.32608982091,2024-12-27 13:28:19
0.253015620546875,0.315139908546875,0.0048360004166666,0.0062902961666666,572.32608982091,2024-12-27 13:30:18
0.252926508046875,0.300855084046875,0.0048254610833333,0.0060324278333333,572.32608982091,2024-12-27 13:32:19
0.253193845546875,0.343709557546875,0.0048515790833333,0.0068005278333333,572.32608982091,2024-12-27 13:34:21
0.253015620546875,0.315139908546875,0.0048360004166666,0.0062902961666666,572.32608982091,2024-12-27 13:36:21
0.252926508046875,0.300855084046875,0.0048254610833333,0.0060324278333333,572.32608982091,2024-12-27 13:38:21
0.253193845546875,0.343709557546875,0.0048450570625,0.0067909318125,572.32608982091,2024-12-27 13:40:21
0.253015620546875,0.315139908546875,0.0048294783958333,0.0062807001458333,572.32608982091,2024-12-27 13:42:22
0.252926508046875,0.300855084046875,0.0048216815625,0.0060255743124999,572.32608982091,2024-12-27 13:44:21
0.253193845546875,0.343709557546875,0.0048450570625,0.0067909318125,572.32608982091,2024-12-27 13:46:20
0.253015620546875,0.315139908546875,0.0048294783958333,0.0062807001458333,572.32608982091,2024-12-27 13:48:21
0.252926508046875,0.300855084046875,0.0048216815625,0.0060255743124999,572.32608982091,2024-12-27 13:50:12
0.253193845546875,0.343709557546875,0.00484142435,0.0067854547,572.32608982091,2024-12-27 13:52:14
0.253015620546875,0.315139908546875,0.0048258456833333,0.0062752230333333,572.32608982091,2024-12-27 13:54:15
0.252926508046875,0.300855084046875,0.00481804885,0.0060200972,572.32608982091,2024-12-27 13:56:16
0.253193845546875,0.343709557546875,0.00484142435,0.0067854547,572.32608982091,2024-12-27 13:57:17
0.253015620546875,0.315139908546875,0.0048258456833333,0.0062752230333333,572.32608982091,2024-12-27 13:58:40
0.252926508046875,0.300855084046875,0.00481804885,0.0060200972,572.32608982091,2024-12-27 13:59:42
0.253193845546875,0.343709557546875,0.0048392475416666,0.0067820482916666,572.32608982091,2024-12-27 14:01:41
0.253015620546875,0.315139908546875,0.004823668875,0.006271816625,572.32608982091,2024-12-27 14:03:41
0.252926508046875,0.300855084046875,0.0048158720416666,0.0060166907916666,572.32608982091,2024-12-27 14:05:42
0.253193845546875,0.343709557546875,0.0048392475416666,0.0067820482916666,572.32608982091,2024-12-27 14:06:42
0.253015620546875,0.315139908546875,0.004823668875,0.006271816625,572.32608982091,2024-12-27 14:07:40
0.252926508046875,0.300855084046875,0.0048158720416666,0.0060166907916666,572.32608982091,2024-12-27 14:08:38
0.253193845546875,0.343709557546875,0.00483562653125,0.00677689028125,572.32608982091,2024-12-27 14:09:35
0.253015620546875,0.315139908546875,0.0048200478645833,0.0062666586145833,572.32608982091,2024-12-27 14:10:33
0.252926508046875,0.300855084046875,0.00481225103125,0.00601153278125,572.32608982091,2024-12-27 14:11:58
0.253193845546875,0.343709557546875,0.00483562653125,0.00677689028125,572.32608982091,2024-12-27 14:13:32
0.253015620546875,0.315139908546875,0.0048200478645833,0.0062666586145833,572.32608982091,2024-12-27 14:14:33
0.252926508046875,0.300855084046875,0.00481225103125,0.00601153278125,572.32608982091,2024-12-27 14:15:31
0.253193845546875,0.343709557546875,0.004834173925,0.006774515475,572.32608982091,2024-12-27 14:16:28
0.253015620546875,0.315139908546875,0.0048185952583333,0.0062642838083333,572.32608982091,2024-12-27 14:17:29
0.252926508046875,0.300855084046875,0.004810798425,0.006009157975,572.32608982091,2024-12-27 14:18:28
0.253193845546875,0.343709557546875,0.004834173925,0.006774515475,572.32608982091,2024-12-27 14:19:25
0.253015620546875,0.315139908546875,0.0048185952583333,0.0062642838083333,572.32608982091,2024-12-27 14:20:23
0.252926508046875,0.300855084046875,0.004810798425,0.006009157975,572.32608982091,2024-12-27 14:21:21
0.253193845546875,0.343709557546875,0.0048327255208333,0.0067724522708333,572.32608982091,2024-12-27 14:22:18
0.253015620546875,0.315139908546875,0.0048171468541666,0.0062622206041666,572.32608982091,2024-12-27 14:23:15
0.252926508046875,0.300855084046875,0.0048093500208333,0.0060070947708333,572.32608982091,2024-12-27 14:24:13
0.253193845546875,0.343709557546875,0.0048327255208333,0.0067724522708333,572.32608982091,2024-12-27 14:25:19
0.253015620546875,0.315139908546875,0.0048171468541666,0.0062622206041666,572.32608982091,2024-12-27 14:27:19
0.252926508046875,0.300855084046875,0.0048093500208333,0.0060070947708333,572.32608982091,2024-12-27 14:28:49
0.253193845546875,0.343709557546875,0.00489499525,0.0068685359999999,575.7227257835785,2024-12-27 14:29:51
0.253015620546875,0.315139908546875,0.0048684940833333,0.0063473818333333,575.7227257835785,2024-12-27 14:31:46
0.252926508046875,0.300855084046875,0.0048550522499999,0.006086611,575.7227257835785,2024-12-27 14:33:45
0.253193845546875,0.343709557546875,0.00489499525,0.0068685359999999,575.7227257835785,2024-12-27 14:35:36
0.253015620546875,0.315139908546875,0.0048684940833333,0.0063473818333333,575.7227257835785,2024-12-27 14:37:49
0.252926508046875,0.300855084046875,0.0048550522499999,0.006086611,575.7227257835785,2024-12-27 14:40:02
0.253193845546875,0.343709557546875,0.004867173125,0.006822269875,575.7227257835785,2024-12-27 14:41:57
0.253015620546875,0.315139908546875,0.0048483769583333,0.0063088207083333,575.7227257835785,2024-12-27 14:43:01
0.252926508046875,0.300855084046875,0.004834935125,0.006048049875,575.7227257835785,2024-12-27 14:44:05
0.253193845546875,0.343709557546875,0.004867173125,0.006822269875,575.7227257835785,2024-12-27 14:45:09
0.253015620546875,0.315139908546875,0.0048483769583333,0.0063088207083333,575.7227257835785,2024-12-27 14:46:20
0.252926508046875,0.300855084046875,0.004834935125,0.006048049875,575.7227257835785,2024-12-27 14:47:47
0.253193845546875,0.343709557546875,0.0048548340833333,0.0068037828333333,575.7227257835785,2024-12-27 14:48:51
0.253015620546875,0.315139908546875,0.0048392554166666,0.0062935511666666,575.7227257835785,2024-12-27 14:49:54
0.252926508046875,0.300855084046875,0.0048287160833333,0.0060356828333333,575.7227257835785,2024-12-27 14:50:58
0.253193845546875,0.343709557546875,0.0048548340833333,0.0068037828333333,575.7227257835785,2024-12-27 14:52:01
0.253015620546875,0.315139908546875,0.0048392554166666,0.0062935511666666,575.7227257835785,2024-12-27 14:53:05
0.252926508046875,0.300855084046875,0.0048287160833333,0.0060356828333333,575.7227257835785,2024-12-27 14:54:08
0.253193845546875,0.343709557546875,0.0048483045625,0.0067941793125,575.7227257835785,2024-12-27 14:55:12
0.253015620546875,0.315139908546875,0.0048327258958333,0.0062839476458333,575.7227257835785,2024-12-27 14:56:26
0.252926508046875,0.300855084046875,0.0048249290625,0.0060288218125,575.7227257835785,2024-12-27 14:57:30
0.253193845546875,0.343709557546875,0.0048483045625,0.0067941793125,575.7227257835785,2024-12-27 14:59:16
0.253015620546875,0.315139908546875,0.0048327258958333,0.0062839476458333,575.7227257835785,2024-12-27 15:01:28
0.252926508046875,0.300855084046875,0.0048249290625,0.0060288218125,575.7227257835785,2024-12-27 15:02:58
0.253193845546875,0.343709557546875,0.00484467935,0.0067887096999999,575.7227257835785,2024-12-27 15:04:04
0.253015620546875,0.315139908546875,0.0048291006833333,0.0062784780333333,575.7227257835785,2024-12-27 15:05:09
0.252926508046875,0.300855084046875,0.00482130385,0.0060233522,575.7227257835785,2024-12-27 15:06:15
0.253193845546875,0.343709557546875,0.00484467935,0.0067887096999999,575.7227257835785,2024-12-27 15:07:21
0.253015620546875,0.315139908546875,0.0048291006833333,0.0062784780333333,575.7227257835785,2024-12-27 15:08:28
0.252926508046875,0.300855084046875,0.00482130385,0.0060233522,575.7227257835785,2024-12-27 15:09:34
0.253193845546875,0.343709557546875,0.0048424950416666,0.0067852957916666,575.7227257835785,2024-12-27 15:10:39
0.253015620546875,0.315139908546875,0.004826916375,0.006275064125,575.7227257835785,2024-12-27 15:11:45
0.252926508046875,0.300855084046875,0.0048191195416666,0.0060199382916666,575.7227257835785,2024-12-27 15:12:50
0.253193845546875,0.343709557546875,0.0048424950416666,0.0067852957916666,575.7227257835785,2024-12-27 15:13:54
0.253015620546875,0.315139908546875,0.004826916375,0.006275064125,575.7227257835785,2024-12-27 15:15:00
0.252926508046875,0.300855084046875,0.0048191195416666,0.0060199382916666,575.7227257835785,2024-12-27 15:16:06
0.253193845546875,0.343709557546875,0.00483887403125,0.00678013778125,575.7227257835785,2024-12-27 15:17:12
0.253015620546875,0.315139908546875,0.0048232953645833,0.0062699061145833,575.7227257835785,2024-12-27 15:18:18
0.252926508046875,0.300855084046875,0.00481549853125,0.00601478028125,575.7227257835785,2024-12-27 15:19:24
0.253193845546875,0.343709557546875,0.00483887403125,0.00678013778125,575.7227257835785,2024-12-27 15:20:30
0.253015620546875,0.315139908546875,0.0048232953645833,0.0062699061145833,575.7227257835785,2024-12-27 15:21:36
0.252926508046875,0.300855084046875,0.00481549853125,0.00601478028125,575.7227257835785,2024-12-27 15:22:41
0.253193845546875,0.343709557546875,0.004837421425,0.006777762975,575.7227257835785,2024-12-27 15:23:47
0.253015620546875,0.315139908546875,0.0048218427583333,0.0062675313083333,575.7227257835785,2024-12-27 15:24:53
0.252926508046875,0.300855084046875,0.004814045925,0.006012405475,575.7227257835785,2024-12-27 15:26:00
0.253193845546875,0.343709557546875,0.004837421425,0.006777762975,575.7227257835785,2024-12-27 15:27:06
0.253015620546875,0.315139908546875,0.0048218427583333,0.0062675313083333,575.7227257835785,2024-12-27 15:28:11
0.252926508046875,0.300855084046875,0.004814045925,0.006012405475,575.7227257835785,2024-12-27 15:29:16
0.253193845546875,0.343709557546875,0.0048359655208333,0.0067756922708333,575.7227257835785,2024-12-27 15:30:20
0.253015620546875,0.315139908546875,0.0048203868541666,0.0062654606041666,575.7227257835785,2024-12-27 15:31:23
0.252926508046875,0.300855084046875,0.0048125900208333,0.0060103347708333,575.7227257835785,2024-12-27 15:32:30
0.253193845546875,0.343709557546875,0.0048359655208333,0.0067756922708333,575.7227257835785,2024-12-27 15:33:36
0.253015620546875,0.315139908546875,0.0048203868541666,0.0062654606041666,575.7227257835785,2024-12-27 15:34:41
0.252926508046875,0.300855084046875,0.0048125900208333,0.0060103347708333,575.7227257835785,2024-12-27 15:35:45
0.253193845546875,0.343709557546875,0.0048982952499999,0.0068718359999999,579.775935692248,2024-12-27 15:36:55
0.253015620546875,0.315139908546875,0.0048717940833333,0.0063506818333333,579.775935692248,2024-12-27 15:38:04
0.252926508046875,0.300855084046875,0.00485835225,0.006089911,579.775935692248,2024-12-27 15:39:13
0.253193845546875,0.343709557546875,0.0048982952499999,0.0068718359999999,579.775935692248,2024-12-27 15:40:22
0.253015620546875,0.315139908546875,0.0048717940833333,0.0063506818333333,579.775935692248,2024-12-27 15:41:31
0.252926508046875,0.300855084046875,0.00485835225,0.006089911,579.775935692248,2024-12-27 15:42:38
0.253193845546875,0.343709557546875,0.004870443125,0.006825539875,579.775935692248,2024-12-27 15:43:45
0.253015620546875,0.315139908546875,0.0048516469583333,0.0063120907083333,579.775935692248,2024-12-27 15:44:52
0.252926508046875,0.300855084046875,0.004838205125,0.006051319875,579.775935692248,2024-12-27 15:45:59
0.253193845546875,0.343709557546875,0.004870443125,0.006825539875,579.775935692248,2024-12-27 15:47:06
0.253015620546875,0.315139908546875,0.0048516469583333,0.0063120907083333,579.775935692248,2024-12-27 15:48:12
0.252926508046875,0.300855084046875,0.004838205125,0.006051319875,579.775935692248,2024-12-27 15:49:19
0.253193845546875,0.343709557546875,0.0048580965833333,0.0068070453333333,579.775935692248,2024-12-27 15:50:26
0.253015620546875,0.315139908546875,0.0048425179166666,0.0062968136666666,579.775935692248,2024-12-27 15:51:33
0.252926508046875,0.300855084046875,0.0048319785833333,0.0060389453333333,579.775935692248,2024-12-27 15:52:39
0.253193845546875,0.343709557546875,0.0048580965833333,0.0068070453333333,579.775935692248,2024-12-27 15:53:44
0.253015620546875,0.315139908546875,0.0048425179166666,0.0062968136666666,579.775935692248,2024-12-27 15:54:50
0.252926508046875,0.300855084046875,0.0048319785833333,0.0060389453333333,579.775935692248,2024-12-27 15:56:45
0.253193845546875,0.343709557546875,0.0048515595625,0.0067974343125,579.775935692248,2024-12-27 15:59:03
0.253015620546875,0.315139908546875,0.0048359808958333,0.0062872026458333,579.775935692248,2024-12-27 16:01:09
0.252926508046875,0.300855084046875,0.0048281840625,0.0060320768124999,579.775935692248,2024-12-27 16:02:44
0.253193845546875,0.343709557546875,0.0048515595625,0.0067974343125,579.775935692248,2024-12-27 16:05:03
0.253015620546875,0.315139908546875,0.0048359808958333,0.0062872026458333,579.775935692248,2024-12-27 16:07:23
0.252926508046875,0.300855084046875,0.0048281840625,0.0060320768124999,579.775935692248,2024-12-27 16:09:41
0.253193845546875,0.343709557546875,0.00484792685,0.0067919572,579.775935692248,2024-12-27 16:12:00
0.253015620546875,0.315139908546875,0.0048323481833333,0.0062817255333333,579.775935692248,2024-12-27 16:14:19
0.252926508046875,0.300855084046875,0.00482455135,0.0060265997,579.775935692248,2024-12-27 16:16:37
0.253193845546875,0.343709557546875,0.00484792685,0.0067919572,579.775935692248,2024-12-27 16:18:56
0.253015620546875,0.315139908546875,0.0048323481833333,0.0062817255333333,579.775935692248,2024-12-27 16:20:31
0.252926508046875,0.300855084046875,0.00482455135,0.0060265997,579.775935692248,2024-12-27 16:21:38
0.253193845546875,0.343709557546875,0.0048457500416666,0.0067885507916666,579.775935692248,2024-12-27 16:23:13
0.253015620546875,0.315139908546875,0.004830171375,0.006278319125,579.775935692248,2024-12-27 16:25:17
0.252926508046875,0.300855084046875,0.0048223745416666,0.0060231932916666,579.775935692248,2024-12-27 16:26:24
0.253193845546875,0.343709557546875,0.0048457500416666,0.0067885507916666,579.775935692248,2024-12-27 16:27:53
0.253015620546875,0.315139908546875,0.004830171375,0.006278319125,579.775935692248,2024-12-27 16:30:12
0.252926508046875,0.300855084046875,0.0048223745416666,0.0060231932916666,579.775935692248,2024-12-27 16:31:35
0.253193845546875,0.343709557546875,0.00484212153125,0.00678338528125,579.775935692248,2024-12-27 16:32:50
0.253015620546875,0.315139908546875,0.0048265428645833,0.0062731536145833,579.775935692248,2024-12-27 16:33:58
0.252926508046875,0.300855084046875,0.00481874603125,0.00601802778125,579.775935692248,2024-12-27 16:35:05
0.253193845546875,0.343709557546875,0.00484212153125,0.00678338528125,579.775935692248,2024-12-27 16:36:13
0.253015620546875,0.315139908546875,0.0048265428645833,0.0062731536145833,579.775935692248,2024-12-27 16:37:20
0.252926508046875,0.300855084046875,0.00481874603125,0.00601802778125,579.775935692248,2024-12-27 16:38:25
0.253193845546875,0.343709557546875,0.004840661425,0.006781002975,579.775935692248,2024-12-27 16:39:32
0.253015620546875,0.315139908546875,0.0048250827583333,0.0062707713083333,579.775935692248,2024-12-27 16:40:38
0.252926508046875,0.300855084046875,0.004817285925,0.006015645475,579.775935692248,2024-12-27 16:41:45
0.253193845546875,0.343709557546875,0.004840661425,0.006781002975,579.775935692248,2024-12-27 16:42:52
0.253015620546875,0.315139908546875,0.0048250827583333,0.0062707713083333,579.775935692248,2024-12-27 16:43:58
0.252926508046875,0.300855084046875,0.004817285925,0.006015645475,579.775935692248,2024-12-27 16:45:05
0.253193845546875,0.343709557546875,0.0048392130208333,0.0067789397708333,579.775935692248,2024-12-27 16:46:12
0.253015620546875,0.315139908546875,0.0048236343541666,0.0062687081041666,579.775935692248,2024-12-27 16:47:19
0.252926508046875,0.300855084046875,0.0048158375208333,0.0060135822708333,579.775935692248,2024-12-27 16:48:24
0.253193845546875,0.343709557546875,0.0048392130208333,0.0067789397708333,579.775935692248,2024-12-27 16:49:30
0.253015620546875,0.315139908546875,0.0048236343541666,0.0062687081041666,579.775935692248,2024-12-27 16:50:38
0.252926508046875,0.300855084046875,0.0048158375208333,0.0060135822708333,579.775935692248,2024-12-27 16:51:44
0.253193845546875,0.343709557546875,0.0048982952499999,0.0068718359999999,589.2514397454041,2024-12-27 16:52:54
0.253015620546875,0.315139908546875,0.0048717940833333,0.0063506818333333,589.2514397454041,2024-12-27 16:54:04
0.252926508046875,0.300855084046875,0.00485835225,0.006089911,589.2514397454041,2024-12-27 16:55:13
0.253193845546875,0.343709557546875,0.0048982952499999,0.0068718359999999,589.2514397454041,2024-12-27 16:56:23
0.253015620546875,0.315139908546875,0.0048717940833333,0.0063506818333333,589.2514397454041,2024-12-27 16:57:32
0.252926508046875,0.300855084046875,0.00485835225,0.006089911,589.2514397454041,2024-12-27 16:58:41
0.253193845546875,0.343709557546875,0.004870443125,0.006825539875,589.2514397454041,2024-12-27 16:59:51
0.253015620546875,0.315139908546875,0.0048516469583333,0.0063120907083333,589.2514397454041,2024-12-27 17:01:01
0.252926508046875,0.300855084046875,0.004838205125,0.006051319875,589.2514397454041,2024-12-27 17:02:11
0.253193845546875,0.343709557546875,0.004870443125,0.006825539875,589.2514397454041,2024-12-27 17:03:21
0.253015620546875,0.315139908546875,0.0048516469583333,0.0063120907083333,589.2514397454041,2024-12-27 17:04:31
0.252926508046875,0.300855084046875,0.004838205125,0.006051319875,589.2514397454041,2024-12-27 17:05:42
0.253193845546875,0.343709557546875,0.0048580965833333,0.0068070453333333,589.2514397454041,2024-12-27 17:06:52
0.253015620546875,0.315139908546875,0.0048425179166666,0.0062968136666666,589.2514397454041,2024-12-27 17:08:02
0.252926508046875,0.300855084046875,0.0048319785833333,0.0060389453333333,589.2514397454041,2024-12-27 17:09:12
0.253193845546875,0.343709557546875,0.0048580965833333,0.0068070453333333,589.2514397454041,2024-12-27 17:10:22
0.253015620546875,0.315139908546875,0.0048425179166666,0.0062968136666666,589.2514397454041,2024-12-27 17:11:31
0.252926508046875,0.300855084046875,0.0048319785833333,0.0060389453333333,589.2514397454041,2024-12-27 17:12:40
0.253193845546875,0.343709557546875,0.0048515595625,0.0067974343125,589.2514397454041,2024-12-27 17:13:50
0.253015620546875,0.315139908546875,0.0048359808958333,0.0062872026458333,589.2514397454041,2024-12-27 17:15:00
0.252926508046875,0.300855084046875,0.0048281840625,0.0060320768124999,589.2514397454041,2024-12-27 17:16:10
0.253193845546875,0.343709557546875,0.0048515595625,0.0067974343125,589.2514397454041,2024-12-27 17:17:20
0.253015620546875,0.315139908546875,0.0048359808958333,0.0062872026458333,589.2514397454041,2024-12-27 17:18:29
0.252926508046875,0.300855084046875,0.0048281840625,0.0060320768124999,589.2514397454041,2024-12-27 17:19:38
0.253193845546875,0.343709557546875,0.00484792685,0.0067919572,589.2514397454041,2024-12-27 17:20:47
0.253015620546875,0.315139908546875,0.0048323481833333,0.0062817255333333,589.2514397454041,2024-12-27 17:21:57
0.252926508046875,0.300855084046875,0.00482455135,0.0060265997,589.2514397454041,2024-12-27 17:23:05
0.253193845546875,0.343709557546875,0.00484792685,0.0067919572,589.2514397454041,2024-12-27 17:24:13
0.253015620546875,0.315139908546875,0.0048323481833333,0.0062817255333333,589.2514397454041,2024-12-27 17:25:22
0.252926508046875,0.300855084046875,0.00482455135,0.0060265997,589.2514397454041,2024-12-27 17:26:31
0.253193845546875,0.343709557546875,0.0048457500416666,0.0067885507916666,589.2514397454041,2024-12-27 17:27:40
0.253015620546875,0.315139908546875,0.004830171375,0.006278319125,589.2514397454041,2024-12-27 17:28:49
0.252926508046875,0.300855084046875,0.0048223745416666,0.0060231932916666,589.2514397454041,2024-12-27 17:29:58
0.253193845546875,0.343709557546875,0.0048457500416666,0.0067885507916666,589.2514397454041,2024-12-27 17:31:08
0.253015620546875,0.315139908546875,0.004830171375,0.006278319125,589.2514397454041,2024-12-27 17:32:17
0.252926508046875,0.300855084046875,0.0048223745416666,0.0060231932916666,589.2514397454041,2024-12-27 17:33:27
0.253193845546875,0.343709557546875,0.00484212153125,0.00678338528125,589.2514397454041,2024-12-27 17:34:36
0.253015620546875,0.315139908546875,0.0048265428645833,0.0062731536145833,589.2514397454041,2024-12-27 17:35:45
0.252926508046875,0.300855084046875,0.00481874603125,0.00601802778125,589.2514397454041,2024-12-27 17:36:53
0.253193845546875,0.343709557546875,0.00484212153125,0.00678338528125,589.2514397454041,2024-12-27 17:38:02
0.253015620546875,0.315139908546875,0.0048265428645833,0.0062731536145833,589.2514397454041,2024-12-27 17:39:10
0.252926508046875,0.300855084046875,0.00481874603125,0.00601802778125,589.2514397454041,2024-12-27 17:40:19
0.253193845546875,0.343709557546875,0.004840661425,0.006781002975,589.2514397454041,2024-12-27 17:41:28
0.253015620546875,0.315139908546875,0.0048250827583333,0.0062707713083333,589.2514397454041,2024-12-27 17:42:36
0.252926508046875,0.300855084046875,0.004817285925,0.006015645475,589.2514397454041,2024-12-27 17:43:45
0.253193845546875,0.343709557546875,0.004840661425,0.006781002975,589.2514397454041,2024-12-27 17:44:57
0.253015620546875,0.315139908546875,0.0048250827583333,0.0062707713083333,589.2514397454041,2024-12-27 17:46:08
0.252926508046875,0.300855084046875,0.004817285925,0.006015645475,589.2514397454041,2024-12-27 17:47:18
0.253193845546875,0.343709557546875,0.0048392130208333,0.0067789397708333,589.2514397454041,2024-12-27 17:48:37
0.253015620546875,0.315139908546875,0.0048236343541666,0.0062687081041666,589.2514397454041,2024-12-27 17:51:01
0.252926508046875,0.300855084046875,0.0048158375208333,0.0060135822708333,589.2514397454041,2024-12-27 17:53:25
0.253193845546875,0.343709557546875,0.0048392130208333,0.0067789397708333,589.2514397454041,2024-12-27 17:55:07
0.253015620546875,0.315139908546875,0.0048236343541666,0.0062687081041666,589.2514397454041,2024-12-27 17:56:14
0.252926508046875,0.300855084046875,0.0048158375208333,0.0060135822708333,589.2514397454041,2024-12-27 17:57:23
0.2531925802734375,0.3398375722734374,0.00519675125,0.006943987,572.9001090259104,2024-12-27 17:58:10
0.2530143552734375,0.3112679232734375,0.0051811719166666,0.0064337546666666,572.9001090259104,2024-12-27 17:58:58
0.2529252427734375,0.2969830987734375,0.00517021975,0.0061754735,572.9001090259104,2024-12-27 17:59:45
0.2531925802734375,0.3398375722734374,0.00519675125,0.006943987,572.9001090259104,2024-12-27 18:00:33
0.2530143552734375,0.3112679232734375,0.0051811719166666,0.0064337546666666,572.9001090259104,2024-12-27 18:01:20
0.2529252427734375,0.2969830987734375,0.00517021975,0.0061754735,572.9001090259104,2024-12-27 18:02:07
0.2531925802734375,0.3398375722734374,0.0051748939999999,0.00690368575,572.9001090259104,2024-12-27 18:02:54
0.2530143552734375,0.3112679232734375,0.0051597521666666,0.0063938909166666,572.9001090259104,2024-12-27 18:03:41
0.2529252427734375,0.2969830987734375,0.005152175,0.00613898475,572.9001090259104,2024-12-27 18:04:27
0.2531925802734375,0.3398375722734374,0.0051748939999999,0.00690368575,572.9001090259104,2024-12-27 18:05:14
0.2530143552734375,0.3112679232734375,0.0051597521666666,0.0063938909166666,572.9001090259104,2024-12-27 18:06:00
0.2529252427734375,0.2969830987734375,0.005152175,0.00613898475,572.9001090259104,2024-12-27 18:06:47
0.2531925802734375,0.3398375722734374,0.0051680824166666,0.0068907261666666,572.9001090259104,2024-12-27 18:07:35
0.2530143552734375,0.3112679232734375,0.0051529405833333,0.0063809313333333,572.9001090259104,2024-12-27 18:08:22
0.2529252427734375,0.2969830987734375,0.0051453634166666,0.0061260251666666,572.9001090259104,2024-12-27 18:09:09
0.2531925802734375,0.3398375722734374,0.0051680824166666,0.0068907261666666,572.9001090259104,2024-12-27 18:09:57
0.2530143552734375,0.3112679232734375,0.0051529405833333,0.0063809313333333,572.9001090259104,2024-12-27 18:10:44
0.2529252427734375,0.2969830987734375,0.0051453634166666,0.0061260251666666,572.9001090259104,2024-12-27 18:11:32
0.2531925802734375,0.3398375722734374,0.0051632003749999,0.0068827701249999,572.9001090259104,2024-12-27 18:12:18
0.2530143552734375,0.3112679232734375,0.0051486985416666,0.0063736152916666,572.9001090259104,2024-12-27 18:13:05
0.2529252427734375,0.2969830987734375,0.005141121375,0.006118709125,572.9001090259104,2024-12-27 18:13:52
0.2531925802734375,0.3398375722734374,0.0051632003749999,0.0068827701249999,572.9001090259104,2024-12-27 18:14:39
0.2530143552734375,0.3112679232734375,0.0051486985416666,0.0063736152916666,572.9001090259104,2024-12-27 18:15:26
0.2529252427734375,0.2969830987734375,0.005141121375,0.006118709125,572.9001090259104,2024-12-27 18:16:13
0.2531925802734375,0.3398375722734374,0.00516101515,0.0068787405,572.9001090259104,2024-12-27 18:16:59
0.2530143552734375,0.3112679232734375,0.0051469933166666,0.0063700656666666,572.9001090259104,2024-12-27 18:17:46
0.2529252427734375,0.2969830987734375,0.0051394161499999,0.0061151594999999,572.9001090259104,2024-12-27 18:18:33
0.2531925802734375,0.3398375722734374,0.00516101515,0.0068787405,572.9001090259104,2024-12-27 18:19:19
0.2530143552734375,0.3112679232734375,0.0051469933166666,0.0063700656666666,572.9001090259104,2024-12-27 18:20:06
0.2529252427734375,0.2969830987734375,0.0051394161499999,0.0061151594999999,572.9001090259104,2024-12-27 18:20:53
0.2531925802734375,0.3398375722734374,0.0051582083333333,0.0068747040833333,572.9001090259104,2024-12-27 18:21:40
0.2530143552734375,0.3112679232734375,0.0051452964999999,0.00636713925,572.9001090259104,2024-12-27 18:22:28
0.2529252427734375,0.2969830987734375,0.0051377193333333,0.0061122330833333,572.9001090259104,2024-12-27 18:23:14
0.2531925802734375,0.3398375722734374,0.0051582083333333,0.0068747040833333,572.9001090259104,2024-12-27 18:24:01
0.2530143552734375,0.3112679232734375,0.0051452964999999,0.00636713925,572.9001090259104,2024-12-27 18:24:48
0.2529252427734375,0.2969830987734375,0.0051377193333333,0.0061122330833333,572.9001090259104,2024-12-27 18:25:34
0.2531925802734375,0.3398375722734374,0.0051553073125,0.0068702660625,572.9001090259104,2024-12-27 18:26:22
0.2530143552734375,0.3112679232734375,0.0051435954791666,0.0063639012291666,572.9001090259104,2024-12-27 18:27:08
0.2529252427734375,0.2969830987734375,0.0051360183125,0.0061089950625,572.9001090259104,2024-12-27 18:27:55
0.2531925802734375,0.3398375722734374,0.0051553073125,0.0068702660625,572.9001090259104,2024-12-27 18:28:42
0.2530143552734375,0.3112679232734375,0.0051435954791666,0.0063639012291666,572.9001090259104,2024-12-27 18:29:29
0.2529252427734375,0.2969830987734375,0.0051360183125,0.0061089950625,572.9001090259104,2024-12-27 18:30:17
0.2531925802734375,0.3398375722734374,0.0051538547,0.0068678912499999,572.9001090259104,2024-12-27 18:31:04
0.2530143552734375,0.3112679232734375,0.0051427153666666,0.0063620989166666,572.9001090259104,2024-12-27 18:31:52
0.2529252427734375,0.2969830987734375,0.0051351657,0.00610722025,572.9001090259104,2024-12-27 18:32:39
0.2531925802734375,0.3398375722734374,0.0051538547,0.0068678912499999,572.9001090259104,2024-12-27 18:33:26
0.2530143552734375,0.3112679232734375,0.0051427153666666,0.0063620989166666,572.9001090259104,2024-12-27 18:34:13
0.2529252427734375,0.2969830987734375,0.0051351657,0.00610722025,572.9001090259104,2024-12-27 18:35:00
0.2531925802734375,0.3398375722734374,0.0051524062916666,0.0068658280416666,572.9001090259104,2024-12-27 18:35:47
0.2530143552734375,0.3112679232734375,0.0051416269583333,0.0063603957083333,572.9001090259104,2024-12-27 18:36:34
0.2529252427734375,0.2969830987734375,0.0051343172916666,0.0061057570416666,572.9001090259104,2024-12-27 18:37:21
0.2531925802734375,0.3398375722734374,0.0051524062916666,0.0068658280416666,572.9001090259104,2024-12-27 18:38:09
0.2530143552734375,0.3112679232734375,0.0051416269583333,0.0063603957083333,572.9001090259104,2024-12-27 18:38:57
0.2529252427734375,0.2969830987734375,0.0051343172916666,0.0061057570416666,572.9001090259104,2024-12-27 18:39:44
0.2531925802734375,0.3398375722734374,0.0048876187499999,0.0066348545,573.6502185851883,2024-12-27 18:40:42
0.2530143552734375,0.3112679232734375,0.0048611169166666,0.0061136996666666,573.6502185851883,2024-12-27 18:41:40
0.2529252427734375,0.2969830987734375,0.00484767475,0.0058529285,573.6502185851883,2024-12-27 18:42:39
0.2531925802734375,0.3398375722734374,0.0048876187499999,0.0066348545,573.6502185851883,2024-12-27 18:43:38
0.2530143552734375,0.3112679232734375,0.0048611169166666,0.0061136996666666,573.6502185851883,2024-12-27 18:44:37
0.2529252427734375,0.2969830987734375,0.00484767475,0.0058529285,573.6502185851883,2024-12-27 18:45:35
0.2531925802734375,0.3398375722734374,0.004859954,0.00658874575,573.6502185851883,2024-12-27 18:46:33
0.2530143552734375,0.3112679232734375,0.0048410296666666,0.0060751684166666,573.6502185851883,2024-12-27 18:47:30
0.2529252427734375,0.2969830987734375,0.0048275875,0.00581439725,573.6502185851883,2024-12-27 18:48:27
0.2531925802734375,0.3398375722734374,0.004859954,0.00658874575,573.6502185851883,2024-12-27 18:49:25
0.2530143552734375,0.3112679232734375,0.0048410296666666,0.0060751684166666,573.6502185851883,2024-12-27 18:50:24
0.2529252427734375,0.2969830987734375,0.0048275875,0.00581439725,573.6502185851883,2024-12-27 18:51:23
0.2531925802734375,0.3398375722734374,0.0048476224166666,0.0065702661666666,573.6502185851883,2024-12-27 18:52:21
0.2530143552734375,0.3112679232734375,0.0048320430833333,0.0060600338333333,573.6502185851883,2024-12-27 18:53:20
0.2529252427734375,0.2969830987734375,0.0048213759166666,0.0058020376666666,573.6502185851883,2024-12-27 18:54:19
0.2531925802734375,0.3398375722734374,0.0048476224166666,0.0065702661666666,573.6502185851883,2024-12-27 18:55:18
0.2530143552734375,0.3112679232734375,0.0048320430833333,0.0060600338333333,573.6502185851883,2024-12-27 18:56:18
0.2529252427734375,0.2969830987734375,0.0048213759166666,0.0058020376666666,573.6502185851883,2024-12-27 18:57:16
0.2531925802734375,0.33983757227343747,0.004841100375,0.006560670125,573.6502185851883,2024-12-27 18:58:16
